domain,grain,record_id,source_row_id,source_file,source_sheet,source_row_number,year,data_confidence_score,data_confidence_marker,data_quality_issue_count,data_quality_highest_severity,activity_date,activity_uid,project,region,district,commune,fokontany,site,gps,start_time,end_time,staff_responsible,location_type,csb_location_name,location_name,sensitization_type,materials_used,primary_theme_mchp_sm,primary_theme_mchp_si,primary_theme_tb,primary_theme_mafy,key_messages,children_under_5,children_5_to_18,adults_over_18,men_count,women_count,total_participants,participant_type,referrals_made,month,quarter,period
community,sensitization_activity,sens_021c2f01395ad214429589b3,021c2f01395ad214429589b3,SENSIBILISATION_STAFFDFM_MAFY-2026-06-27.xlsx,SENSIBILISATION_STAFFDFM,2,2026,1.0,high,3,info,2026-01-09,R02-MAFY-S0000104,mafy,Anosy,Anosy|Taolagnaro,Anosy|Taolagnaro|Taolagnaro CU,Ampasikabo,Taolagnaro,,07:30:00.000,08:16:00.000,ac,csb,CSB2 Ampasikabo,,sensibilisation_de_masse,,,,,prvention_de_lavc symptme_de_lavc_rapide facteur_de_risque_de_lavc intervention_durgence_en_cas_davc radaptation_aprs_lavc HTA,,6.0,26.0,10.0,11,31,42,communaut,5,2026-01,2026-T1,2026-01
community,sensitization_activity,sens_71465550223e09e866907e3d,71465550223e09e866907e3d,SENSIBILISATION_STAFFDFM_MAFY-2026-06-27.xlsx,SENSIBILISATION_STAFFDFM,3,2026,1.0,high,3,info,2026-01-15,R02-MAFY-S0000105,mafy,Anosy,Anosy|Taolagnaro,Anosy|Taolagnaro|Ankaramena,ankaramena,Taolagnaro,,08:10:00.000,09:29:00.000,staff_dfm ac,csb,CSB2 Ankaramena,,sensibilisation_de_masse,,,,,prvention_de_lavc symptme_de_lavc_rapide facteur_de_risque_de_lavc intervention_durgence_en_cas_davc radaptation_aprs_lavc HTA,,8.0,20.0,10.0,18,20,38,communaut,5,2026-01,2026-T1,2026-01
community,sensitization_activity,sens_cebd19342aa32a255c47e0b9,cebd19342aa32a255c47e0b9,SENSIBILISATION_STAFFDFM_MAFY-2026-06-27.xlsx,SENSIBILISATION_STAFFDFM,4,2026,1.0,high,3,info,2026-01-15,R02-MAFY-S0000106,mafy,Anosy,Anosy|Taolagnaro,Anosy|Taolagnaro|Ranopiso,Ranompiso,Taolagnaro,,09:38:00.000,10:31:00.000,staff_dfm ac,csb,CSB2 Ranopiso,,sensibilisation_de_masse,,,,,prvention_de_lavc symptme_de_lavc_rapide facteur_de_risque_de_lavc intervention_durgence_en_cas_davc radaptation_aprs_lavc HTA,,12.0,24.0,17.0,11,42,53,communaut,2,2026-01,2026-T1,2026-01
community,sensitization_activity,sens_26ebe49adf6aefcb5c8e7cd0,26ebe49adf6aefcb5c8e7cd0,SENSIBILISATION_STAFFDFM_MAFY-2026-06-27.xlsx,SENSIBILISATION_STAFFDFM,5,2026,1.0,high,3,info,2026-01-16,R02-MAFY-S0000107,mafy,Anosy,Anosy|Taolagnaro,Anosy|Taolagnaro|Taolagnaro CU,Ampasikabo,Taolagnaro,,08:00:00.000,09:30:00.000,ac,csb,CSB2 Ampasikabo,,sensibilisation_de_masse,,,,,prvention_de_lavc symptme_de_lavc_rapide facteur_de_risque_de_lavc intervention_durgence_en_cas_davc radaptation_aprs_lavc HTA,,6.0,12.0,25.0,17,26,43,communaut,7,2026-01,2026-T1,2026-01
community,sensitization_activity,sens_a24d9edc7f959c24a277ab2d,a24d9edc7f959c24a277ab2d,SENSIBILISATION_STAFFDFM_MAFY-2026-06-27.xlsx,SENSIBILISATION_STAFFDFM,6,2026,1.0,high,3,info,2026-01-23,R02-MAFY-S0000109,mafy,Anosy,Anosy|Taolagnaro,Anosy|Taolagnaro|Taolagnaro CU,Ampasikabo,Taolagnaro,,08:00:00.000,08:30:00.000,ac,csb,CSB2 Ampasikabo,,sensibilisation_de_masse,,,,,prvention_de_lavc symptme_de_lavc_rapide facteur_de_risque_de_lavc intervention_durgence_en_cas_davc radaptation_aprs_lavc HTA,,18.0,15.0,58.0,41,50,91,communaut,5,2026-01,2026-T1,2026-01
community,sensitization_activity,sens_cda4bd4e47115524365da7d2,cda4bd4e47115524365da7d2,SENSIBILISATION_STAFFDFM_MAFY-2026-06-27.xlsx,SENSIBILISATION_STAFFDFM,7,2026,1.0,high,3,info,2026-01-26,R02-MAFY-S0000110,mafy,Anosy,Anosy|Taolagnaro,Anosy|Taolagnaro|Taolagnaro CU,bazaribe,Taolagnaro,,14:30:00.000,15:32:00.000,ac,csb,CSB2 Bazaribe Taolagnaro,,focus_group,,,,,prvention_de_lavc symptme_de_lavc_rapide facteur_de_risque_de_lavc intervention_durgence_en_cas_davc radaptation_aprs_lavc HTA,,6.0,0.0,8.0,6,8,14,communaut,2,2026-01,2026-T1,2026-01
community,sensitization_activity,sens_d72631e439c8a49fdde54611,d72631e439c8a49fdde54611,SENSIBILISATION_STAFFDFM_MAFY-2026-06-27.xlsx,SENSIBILISATION_STAFFDFM,8,2026,1.0,high,3,info,2026-01-29,R02-MAFY-S0000111,mafy,Anosy,Anosy|Taolagnaro,Anosy|Taolagnaro|Taolagnaro CU,Ampasikabo,Taolagnaro,,08:30:00.000,10:15:00.000,ac,mnage,,,vad,,,,,prvention_de_lavc symptme_de_lavc_rapide facteur_de_risque_de_lavc intervention_durgence_en_cas_davc radaptation_aprs_lavc HTA,,0.0,3.0,4.0,2,5,7,communaut,2,2026-01,2026-T1,2026-01
community,sensitization_activity,sens_79081548940bd0d296122764,79081548940bd0d296122764,SENSIBILISATION_STAFFDFM_MAFY-2026-06-27.xlsx,SENSIBILISATION_STAFFDFM,9,2026,1.0,high,3,info,2026-01-30,R02-MAFY-S0000112,mafy,Anosy,Anosy|Taolagnaro,Anosy|Taolagnaro|Taolagnaro CU,Ampasikabo,Taolagnaro,,07:30:00.000,08:12:00.000,ac,csb,CSB2 Ampasikabo,,sensibilisation_de_masse,,,,,prvention_de_lavc symptme_de_lavc_rapide facteur_de_risque_de_lavc intervention_durgence_en_cas_davc radaptation_aprs_lavc HTA,Avc est une urgence medicale qui survient brutalement,5.0,8.0,32.0,7,38,45,communaut,2,2026-01,2026-T1,2026-01
community,sensitization_activity,sens_e322f309f1e361181108d3ff,e322f309f1e361181108d3ff,SENSIBILISATION_STAFFDFM_MAFY-2026-06-27.xlsx,SENSIBILISATION_STAFFDFM,10,2026,1.0,high,3,info,2026-02-01,R02-MAFY-S0000113,mafy,Anosy,Anosy|Taolagnaro,Anosy|Taolagnaro|Soanierana,soanerana,Taolagnaro,,08:30:00.000,09:30:00.000,ac,csb,CSB2 Soanierana,,sensibilisation_de_masse,,,,,prvention_de_lavc symptme_de_lavc_rapide facteur_de_risque_de_lavc intervention_durgence_en_cas_davc radaptation_aprs_lavc HTA,Apropos de l'Avc,14.0,21.0,35.0,25,45,70,communaut,2,2026-02,2026-T1,2026-02
community,sensitization_activity,sens_e0a11934d0c189cbccb8f881,e0a11934d0c189cbccb8f881,SENSIBILISATION_STAFFDFM_MAFY-2026-06-27.xlsx,SENSIBILISATION_STAFFDFM,11,2026,1.0,high,3,info,2026-01-12,R01-MAFY-S0000001,mafy,Atsimo-Andrefana,Atsimo-Andrefana|Ampanihy Ouest,Atsimo-Andrefana|Ampanihy Ouest|Fotadrevo,Tanantsoa,Ampanihy Ouest,-24.3538785 44.5156671 236.89 3.05,09:30:00.000,10:30:00.000,staff_dfm,csb,CSB1 Tanantsoa,,sensibilisation_de_masse,autre,,,,prvention_de_lavc symptme_de_lavc_rapide facteur_de_risque_de_lavc intervention_durgence_en_cas_davc radaptation_aprs_lavc HTA tabagisme dyslipidemie sedentarite alcoolisme,"Définition, symptômes, facteur de risques et prévention de l'AVC",3.0,24.0,75.0,30,72,102,communaut agent_de_sant femme_enceinte,0,2026-01,2026-T1,2026-01
community,sensitization_activity,sens_4beae20ddb14cbf42b5e84d7,4beae20ddb14cbf42b5e84d7,SENSIBILISATION_STAFFDFM_MAFY-2026-06-27.xlsx,SENSIBILISATION_STAFFDFM,12,2026,1.0,high,3,info,2026-01-13,R01-MAFY-S0000001,mafy,Atsimo-Andrefana,Atsimo-Andrefana|Ampanihy Ouest,Atsimo-Andrefana|Ampanihy Ouest|Anavoha,Anavoha Nord,Ampanihy Ouest,-24.35383 44.5156517 245.89 2.7,08:30:00.000,10:15:00.000,staff_dfm,autre,,,sensibilisation_de_masse,autre,,,,prvention_de_lavc symptme_de_lavc_rapide facteur_de_risque_de_lavc intervention_durgence_en_cas_davc radaptation_aprs_lavc HTA tabagisme dyslipidemie sedentarite alcoolisme,"Définition, symptômes, facteur de risques et prévention de l'AVC",10.0,5.0,42.0,22,35,57,communaut leader_communautaire agent_de_sant nouveaux_mre groupe__risque_avc,0,2026-01,2026-T1,2026-01
community,sensitization_activity,sens_e16ebaa1504ee298415b1bce,e16ebaa1504ee298415b1bce,SENSIBILISATION_STAFFDFM_MAFY-2026-06-27.xlsx,SENSIBILISATION_STAFFDFM,13,2026,1.0,high,3,info,2026-01-14,R01-MAFY-S0000001,mafy,Atsimo-Andrefana,Atsimo-Andrefana|Ampanihy Ouest,Atsimo-Andrefana|Ampanihy Ouest|Anavoha,Anavoha,Ampanihy Ouest,-24.3538427 44.5156404 239.1 5.3,08:49:00.000,10:05:00.000,staff_dfm,csb,CSB2 Anavoha,,sensibilisation_de_masse,autre,,,,prvention_de_lavc symptme_de_lavc_rapide facteur_de_risque_de_lavc intervention_durgence_en_cas_davc radaptation_aprs_lavc HTA tabagisme dyslipidemie sedentarite alcoolisme,"Définition, symptômes, facteur de risques et prévention de l'AVC",21.0,15.0,94.0,47,83,130,communaut agent_de_sant femme_enceinte groupe__risque_avc,0,2026-01,2026-T1,2026-01
community,sensitization_activity,sens_1bbc3f301715405c9cc8601d,1bbc3f301715405c9cc8601d,SENSIBILISATION_STAFFDFM_MAFY-2026-06-27.xlsx,SENSIBILISATION_STAFFDFM,14,2026,1.0,high,3,info,2026-01-15,R01-MAFY-S0000001,mafy,Atsimo-Andrefana,Atsimo-Andrefana|Ampanihy Ouest,Atsimo-Andrefana|Ampanihy Ouest|Fotadrevo,Fotadrevo,Ampanihy Ouest,-24.35379 44.515555 258.5 8.1,08:15:00.000,09:30:00.000,staff_dfm,csb,CSB2 Fotadrevo,,sensibilisation_de_masse,autre,,,,prvention_de_lavc symptme_de_lavc_rapide facteur_de_risque_de_lavc intervention_durgence_en_cas_davc radaptation_aprs_lavc HTA tabagisme dyslipidemie sedentarite alcoolisme,"Définition, symptômes, facteur de risques et prévention de l'AVC",5.0,18.0,103.0,41,85,126,communaut agent_de_sant femme_enceinte nouveaux_mre groupe__risque_avc,0,2026-01,2026-T1,2026-01
community,sensitization_activity,sens_fd8bbe04d3703e4b3682771f,fd8bbe04d3703e4b3682771f,SENSIBILISATION_STAFFDFM_MAFY-2026-06-27.xlsx,SENSIBILISATION_STAFFDFM,15,2026,1.0,high,3,info,2026-01-16,R01-MAFY-S0000001,mafy,Atsimo-Andrefana,Atsimo-Andrefana|Ampanihy Ouest,Atsimo-Andrefana|Ampanihy Ouest|Beroy Atsimo,Beroy,Ampanihy Ouest,-24.3538883 44.5157017 257.09 9.8,09:05:00.000,09:45:00.000,staff_dfm,csb,CSB2 Beroy Sud,,sensibilisation_de_masse,autre,,,,prvention_de_lavc symptme_de_lavc_rapide facteur_de_risque_de_lavc intervention_durgence_en_cas_davc radaptation_aprs_lavc HTA tabagisme dyslipidemie sedentarite alcoolisme,"Définition, symptômes, facteur de risques et prévention de l'AVC",3.0,17.0,63.0,25,58,83,communaut agent_de_sant femme_enceinte nouveaux_mre groupe__risque_avc,0,2026-01,2026-T1,2026-01
community,sensitization_activity,sens_21025ecf7cbcdf77ebc2e2b9,21025ecf7cbcdf77ebc2e2b9,SENSIBILISATION_STAFFDFM_MAFY-2026-06-27.xlsx,SENSIBILISATION_STAFFDFM,16,2026,1.0,high,3,info,2026-01-19,R01-MAFY-S0000001,mafy,Atsimo-Andrefana,Atsimo-Andrefana|Ampanihy Ouest,Atsimo-Andrefana|Ampanihy Ouest|Vohitany,Ankindria,Ampanihy Ouest,-24.3538552 44.5156283 228.89 4.3,12:30:00.000,14:00:00.000,staff_dfm,autre,,,danse_et_chanson,autre,,,,prvention_de_lavc symptme_de_lavc_rapide facteur_de_risque_de_lavc intervention_durgence_en_cas_davc radaptation_aprs_lavc HTA tabagisme dyslipidemie sedentarite alcoolisme,"Définition, symptômes, facteur de risques et prévention de l'AVC",5.0,10.0,60.0,40,35,75,communaut leader_communautaire femme_enceinte nouveaux_mre groupe__risque_avc,0,2026-01,2026-T1,2026-01
community,sensitization_activity,sens_f263d438fd2b02af292fc310,f263d438fd2b02af292fc310,SENSIBILISATION_STAFFDFM_MAFY-2026-06-27.xlsx,SENSIBILISATION_STAFFDFM,17,2026,1.0,high,3,info,2026-01-26,R01-MAFY-S0000001,mafy,Atsimo-Andrefana,Atsimo-Andrefana|Ampanihy Ouest,Atsimo-Andrefana|Ampanihy Ouest|Ejeda,Beviro,Ampanihy Ouest,-24.3537133 44.51553 248.2 6.7,11:30:00.000,13:06:00.000,staff_dfm,autre,,,focus_group,autre,,,,prvention_de_lavc symptme_de_lavc_rapide facteur_de_risque_de_lavc intervention_durgence_en_cas_davc radaptation_aprs_lavc HTA tabagisme dyslipidemie sedentarite alcoolisme,"Définition, symptômes, facteur de risques et prévention de l'AVC",4.0,11.0,43.0,36,22,58,communaut leader_communautaire femme_enceinte nouveaux_mre groupe__risque_avc,0,2026-01,2026-T1,2026-01
community,sensitization_activity,sens_63331b5d292e07ec93568142,63331b5d292e07ec93568142,SENSIBILISATION_STAFFDFM_MAFY-2026-06-27.xlsx,SENSIBILISATION_STAFFDFM,18,2026,1.0,high,3,info,2026-01-30,R01-MAFY-S0000001,mafy,Atsimo-Andrefana,Atsimo-Andrefana|Ampanihy Ouest,Atsimo-Andrefana|Ampanihy Ouest|Vohitany,Vohitany,Ampanihy Ouest,-24.353855 44.51568 248.2 7.5,10:35:00.000,12:15:00.000,staff_dfm,mnage,,,vad,boite__image autre,,,,prvention_de_lavc symptme_de_lavc_rapide facteur_de_risque_de_lavc intervention_durgence_en_cas_davc radaptation_aprs_lavc HTA tabagisme dyslipidemie sedentarite alcoolisme,"Définition, symptômes, facteurs de risques et préventions de l'AVC",3.0,2.0,9.0,5,9,14,communaut leader_communautaire elve groupe__risque_avc,0,2026-01,2026-T1,2026-01
community,sensitization_activity,sens_3d8d5a8a8c61c305149cf6f3,3d8d5a8a8c61c305149cf6f3,SENSIBILISATION_STAFFDFM_MAFY-2026-06-27.xlsx,SENSIBILISATION_STAFFDFM,19,2026,1.0,high,3,info,2026-01-30,R01-MAFY-S0000001,mafy,Atsimo-Andrefana,Atsimo-Andrefana|Ampanihy Ouest,Atsimo-Andrefana|Ampanihy Ouest|Ejeda,Ejeda Nord,Ampanihy Ouest,-24.353865 44.51566 271.0 6.0,10:35:00.000,12:30:00.000,staff_dfm,mnage,,,vad,boite__image autre,,,,prvention_de_lavc symptme_de_lavc_rapide facteur_de_risque_de_lavc intervention_durgence_en_cas_davc radaptation_aprs_lavc HTA tabagisme dyslipidemie sedentarite alcoolisme,"Définition, symptômes, facteurs de risques et préventions de l'AVC",3.0,2.0,9.0,5,9,14,communaut leader_communautaire nouveaux_mre groupe__risque_avc,0,2026-01,2026-T1,2026-01
community,sensitization_activity,sens_69c4b87738ce5776446ba2a1,69c4b87738ce5776446ba2a1,SENSIBILISATION_STAFFDFM_MAFY-2026-06-27.xlsx,SENSIBILISATION_STAFFDFM,20,2026,1.0,high,3,info,2026-01-31,R01-MAFY-S0000001,mafy,Atsimo-Andrefana,Atsimo-Andrefana|Ampanihy Ouest,Atsimo-Andrefana|Ampanihy Ouest|Vohitany,Vohitany,Ampanihy Ouest,-24.3538279 44.5155792 270.2 4.84,10:30:00.000,12:15:00.000,staff_dfm,csb,CSB2 Vohitany,,sensibilisation_de_masse,autre,,,,prvention_de_lavc symptme_de_lavc_rapide facteur_de_risque_de_lavc intervention_durgence_en_cas_davc radaptation_aprs_lavc HTA tabagisme dyslipidemie sedentarite alcoolisme,"Définition, symptômes, facteurs de risques et préventions de l'AVC",12.0,24.0,74.0,40,70,110,communaut agent_de_sant femme_enceinte nouveaux_mre groupe__risque_avc,0,2026-01,2026-T1,2026-01
community,sensitization_activity,sens_ebb8a2d374af5ccd13944574,ebb8a2d374af5ccd13944574,SENSIBILISATION_STAFFDFM_MAFY-2026-06-27.xlsx,SENSIBILISATION_STAFFDFM,21,2026,1.0,high,3,info,2026-01-16,R03-MAFY-S0000042,mafy,Atsimo-Andrefana,Atsimo-Andrefana|Toliary-I,Atsimo-Andrefana|Toliary-I|Toliary-I,Ankilifaly,Toliary-I,,15:15:00.000,15:35:00.000,staff_dfm,mnage,,,vad autre,boite__image autre,,,,prvention_de_lavc symptme_de_lavc_rapide facteur_de_risque_de_lavc intervention_durgence_en_cas_davc radaptation_aprs_lavc HTA tabagisme alcoolisme,"Définition, facteur de risques, symptômes, conduite a tenir",0.0,0.0,3.0,2,1,3,groupe__risque_avc,0,2026-01,2026-T1,2026-01
community,sensitization_activity,sens_ce1fd4775e67cbee3c77280a,ce1fd4775e67cbee3c77280a,SENSIBILISATION_STAFFDFM_MAFY-2026-06-27.xlsx,SENSIBILISATION_STAFFDFM,22,2026,1.0,high,3,info,2026-01-16,R03-MAFY-S0000043,mafy,Atsimo-Andrefana,Atsimo-Andrefana|Toliary-I,Atsimo-Andrefana|Toliary-I|Toliary-I,Ankilifaly,Toliary-I,-23.3696786 43.7040584 21.29 15.16,15:45:00.000,16:15:00.000,staff_dfm,mnage,,,vad,boite__image,,,,prvention_de_lavc symptme_de_lavc_rapide facteur_de_risque_de_lavc HTA tabagisme alcoolisme,"DÉFINITION, FACTEUR DE RISQUE, SYMPTÔMES, CONDUITE À TENIR",0.0,0.0,3.0,1,2,3,groupe__risque_avc,0,2026-01,2026-T1,2026-01
community,sensitization_activity,sens_3ff50e3addd63bf639544334,3ff50e3addd63bf639544334,SENSIBILISATION_STAFFDFM_MAFY-2026-06-27.xlsx,SENSIBILISATION_STAFFDFM,23,2026,1.0,high,3,info,2026-01-16,R03-MAFY-S0000044,mafy,Atsimo-Andrefana,Atsimo-Andrefana|Toliary-I,Atsimo-Andrefana|Toliary-I|Toliary-I,ANKILIFALY,Toliary-I,,16:30:00.000,18:00:00.000,staff_dfm,mnage,,,vad,boite__image,,,,prvention_de_lavc symptme_de_lavc_rapide facteur_de_risque_de_lavc HTA tabagisme alcoolisme,"DÉFINITION, FACTEUR DE RISQUE, SYMPTÔMES, CONDUITE À TENIR",2.0,0.0,4.0,0,6,6,groupe__risque_avc,0,2026-01,2026-T1,2026-01
community,sensitization_activity,sens_487b27924cd9305b587f5acd,487b27924cd9305b587f5acd,SENSIBILISATION_STAFFDFM_MAFY-2026-06-27.xlsx,SENSIBILISATION_STAFFDFM,24,2026,1.0,high,3,info,2026-01-19,R03-MAFY-S0000045,mafy,Atsimo-Andrefana,Atsimo-Andrefana|Toliary-I,Atsimo-Andrefana|Toliary-I|Toliary-I,Mahavatsy ll Est,Toliary-I,,15:00:00.000,16:30:00.000,staff_dfm,mnage,,,vad,boite__image,,,,prvention_de_lavc symptme_de_lavc_rapide facteur_de_risque_de_lavc intervention_durgence_en_cas_davc radaptation_aprs_lavc HTA tabagisme alcoolisme,"DÉFINITION, FACTEUR DE RISQUE,CAT, SYMPTÔME",2.0,2.0,2.0,4,2,6,groupe__risque_avc,0,2026-01,2026-T1,2026-01
community,sensitization_activity,sens_2dd0f031b2fae20da23ad20f,2dd0f031b2fae20da23ad20f,SENSIBILISATION_STAFFDFM_MAFY-2026-06-27.xlsx,SENSIBILISATION_STAFFDFM,25,2026,1.0,high,3,info,2026-01-19,R03-MAFY-S0000046,mafy,Atsimo-Andrefana,Atsimo-Andrefana|Toliary-I,Atsimo-Andrefana|Toliary-I|Toliary-I,MAHAVATSY II EST,Toliary-I,,14:45:00.000,16:15:00.000,staff_dfm,mnage,,,vad,boite__image,,,,prvention_de_lavc symptme_de_lavc_rapide facteur_de_risque_de_lavc intervention_durgence_en_cas_davc radaptation_aprs_lavc HTA tabagisme alcoolisme,"FACTEUR DE RISQUES, SYMPTÔMES, CONDUITE À TENIR, DÉFINITION",3.0,2.0,7.0,6,6,12,groupe__risque_avc,0,2026-01,2026-T1,2026-01
community,sensitization_activity,sens_5489d5d28874aa4cf8d3d97b,5489d5d28874aa4cf8d3d97b,SENSIBILISATION_STAFFDFM_MAFY-2026-06-27.xlsx,SENSIBILISATION_STAFFDFM,26,2026,1.0,high,3,info,2026-01-19,R03-MAFY-S0000047,mafy,Atsimo-Andrefana,Atsimo-Andrefana|Toliary-I,Atsimo-Andrefana|Toliary-I|Toliary-I,MAHAVATSY II EST,Toliary-I,,16:30:00.000,17:00:00.000,staff_dfm,mnage,,,vad,boite__image,,,,prvention_de_lavc symptme_de_lavc_rapide facteur_de_risque_de_lavc radaptation_aprs_lavc HTA tabagisme alcoolisme,"DÉFINITION, SYMPTÔMES, FACTEUR DE RISQUE,CAT",2.0,3.0,1.0,4,2,6,groupe__risque_avc,0,2026-01,2026-T1,2026-01
community,sensitization_activity,sens_b724641ec6e700baea0c6263,b724641ec6e700baea0c6263,SENSIBILISATION_STAFFDFM_MAFY-2026-06-27.xlsx,SENSIBILISATION_STAFFDFM,27,2026,1.0,high,3,info,2026-01-19,R03-MAFY-S0000048,mafy,Atsimo-Andrefana,Atsimo-Andrefana|Toliary-I,Atsimo-Andrefana|Toliary-I|Toliary-I,MAHAVATSY II Est,Toliary-I,,17:00:00.000,17:30:00.000,staff_dfm,mnage,,,vad,boite__image,,,,prvention_de_lavc symptme_de_lavc_rapide facteur_de_risque_de_lavc intervention_durgence_en_cas_davc radaptation_aprs_lavc HTA tabagisme alcoolisme,"SYMPTÔMES, FACTEUR DE RISQUE,CAT, DEFINITION",2.0,2.0,2.0,3,3,6,groupe__risque_avc,0,2026-01,2026-T1,2026-01
community,sensitization_activity,sens_ef018256dc3c47f413b00b17,ef018256dc3c47f413b00b17,SENSIBILISATION_STAFFDFM_MAFY-2026-06-27.xlsx,SENSIBILISATION_STAFFDFM,28,2026,1.0,high,3,info,2026-01-20,R03-MAFY-S0000052,mafy,Atsimo-Andrefana,Atsimo-Andrefana|Toliary-I,Atsimo-Andrefana|Toliary-I|Toliary-I,Amborogony Ouest,Toliary-I,,16:45:00.000,17:15:00.000,staff_dfm ac,mnage,,,vad,autre,,,,prvention_de_lavc symptme_de_lavc_rapide facteur_de_risque_de_lavc intervention_durgence_en_cas_davc radaptation_aprs_lavc HTA,"definition, facteur de risque, symptomes, conduite à tenir",0.0,0.0,1.0,0,1,1,groupe__risque_avc,0,2026-01,2026-T1,2026-01
community,sensitization_activity,sens_12157266bf310eea3fc20a50,12157266bf310eea3fc20a50,SENSIBILISATION_STAFFDFM_MAFY-2026-06-27.xlsx,SENSIBILISATION_STAFFDFM,29,2026,1.0,high,3,info,2026-01-20,R03-MAFY-S0000053,mafy,Atsimo-Andrefana,Atsimo-Andrefana|Toliary-I,Atsimo-Andrefana|Toliary-I|Toliary-I,Amborogony Ouest,Toliary-I,,16:00:00.000,16:30:00.000,staff_dfm ac,mnage,,,vad,autre,,,,prvention_de_lavc symptme_de_lavc_rapide facteur_de_risque_de_lavc intervention_durgence_en_cas_davc radaptation_aprs_lavc HTA,"definition, facteur de risque, symptomes, conduite à tenir",2.0,0.0,2.0,2,2,4,groupe__risque_avc,0,2026-01,2026-T1,2026-01
community,sensitization_activity,sens_7415643b5a71ca51389c7b2a,7415643b5a71ca51389c7b2a,SENSIBILISATION_STAFFDFM_MAFY-2026-06-27.xlsx,SENSIBILISATION_STAFFDFM,30,2026,1.0,high,3,info,2026-01-20,R03-MAFY-S0000051,mafy,Atsimo-Andrefana,Atsimo-Andrefana|Toliary-I,Atsimo-Andrefana|Toliary-I|Toliary-I,Amborogony Ouest,Toliary-I,,16:00:00.000,16:30:00.000,staff_dfm ac,mnage,,,vad,,,,,prvention_de_lavc symptme_de_lavc_rapide facteur_de_risque_de_lavc intervention_durgence_en_cas_davc radaptation_aprs_lavc HTA,"definition, facteurs de risques, symptomes, conduite à tenir",2.0,0.0,2.0,2,2,4,groupe__risque_avc,0,2026-01,2026-T1,2026-01
community,sensitization_activity,sens_a9bd3218fc69798df0d75384,a9bd3218fc69798df0d75384,SENSIBILISATION_STAFFDFM_MAFY-2026-06-27.xlsx,SENSIBILISATION_STAFFDFM,31,2026,1.0,high,3,info,2026-01-20,R03-MAFY-S0000050,mafy,Atsimo-Andrefana,Atsimo-Andrefana|Toliary-I,Atsimo-Andrefana|Toliary-I|Toliary-I,Amborogony Ouest,Toliary-I,,15:15:00.000,15:45:00.000,staff_dfm ac,mnage,,,vad,autre,,,,prvention_de_lavc symptme_de_lavc_rapide facteur_de_risque_de_lavc intervention_durgence_en_cas_davc radaptation_aprs_lavc HTA,"definition, symptomes, facteur de risque, conduite à tenir",3.0,0.0,1.0,1,3,4,groupe__risque_avc,0,2026-01,2026-T1,2026-01
community,sensitization_activity,sens_7bcbf190bc55f442e550240b,7bcbf190bc55f442e550240b,SENSIBILISATION_STAFFDFM_MAFY-2026-06-27.xlsx,SENSIBILISATION_STAFFDFM,32,2026,1.0,high,3,info,2026-01-20,R03-MAFY-S0000049,mafy,Atsimo-Andrefana,Atsimo-Andrefana|Toliary-I,Atsimo-Andrefana|Toliary-I|Toliary-I,Amborogony Ouest,Toliary-I,,14:30:00.000,15:00:00.000,staff_dfm ac,mnage,,,vad,autre,,,,prvention_de_lavc symptme_de_lavc_rapide facteur_de_risque_de_lavc intervention_durgence_en_cas_davc radaptation_aprs_lavc HTA,"definition, facteurs de risques, symptomes, conduite à tenir",0.0,0.0,2.0,0,2,2,groupe__risque_avc,0,2026-01,2026-T1,2026-01
community,sensitization_activity,sens_378b10b21f900e1300b912b0,378b10b21f900e1300b912b0,SENSIBILISATION_STAFFDFM_MAFY-2026-06-27.xlsx,SENSIBILISATION_STAFFDFM,33,2026,1.0,high,3,info,2026-01-16,R03-MAFY-S0000053,mafy,Atsimo-Andrefana,Atsimo-Andrefana|Toliary-I,Atsimo-Andrefana|Toliary-I|Toliary-I,4 fkt rattachées au CSB Mahavatsy I,Toliary-I,,09:00:00.000,10:30:00.000,staff_dfm,grand_public,,fk Mahavatsy I,sono_mobile,posters enregistrement_audio,,,,prvention_de_lavc symptme_de_lavc_rapide facteur_de_risque_de_lavc intervention_durgence_en_cas_davc,"definition, facteurs de risques, symptomes, conduite à tenir",18.0,42.0,320.0,177,203,380,communaut,0,2026-01,2026-T1,2026-01
community,sensitization_activity,sens_ea92c60bfff9f77731ad0a4a,ea92c60bfff9f77731ad0a4a,SENSIBILISATION_STAFFDFM_MAFY-2026-06-27.xlsx,SENSIBILISATION_STAFFDFM,34,2026,1.0,high,3,info,2026-03-14,R01-MAFY-S0000001,mafy,Atsimo-Andrefana,Atsimo-Andrefana|Ampanihy Ouest,Atsimo-Andrefana|Ampanihy Ouest|Ejeda,Renosy,Ampanihy Ouest,-24.495265 44.755085 279.5 3.9,08:45:00.000,10:30:00.000,staff_dfm,mnage,,,vad,autre,,,,prvention_de_lavc symptme_de_lavc_rapide facteur_de_risque_de_lavc intervention_durgence_en_cas_davc radaptation_aprs_lavc HTA tabagisme dyslipidemie sedentarite alcoolisme,"Définition, symptômes, prévention de l'AVC",2.0,3.0,16.0,13,8,21,communaut leader_communautaire groupe__risque_avc,0,2026-03,2026-T1,2026-03
community,sensitization_activity,sens_d350fd55f5324dd89dd611c9,d350fd55f5324dd89dd611c9,SENSIBILISATION_STAFFDFM_MAFY-2026-06-27.xlsx,SENSIBILISATION_STAFFDFM,35,2026,1.0,high,3,info,2026-03-20,R01-MAFY-S0000001,mafy,Atsimo-Andrefana,Atsimo-Andrefana|Ampanihy Ouest,Atsimo-Andrefana|Ampanihy Ouest|Ejeda,Behakà,Ampanihy Ouest,-24.2989067 44.6739867 243.8 5.7,10:40:00.000,11:30:00.000,staff_dfm,autre,,,focus_group,autre,,,,prvention_de_lavc symptme_de_lavc_rapide facteur_de_risque_de_lavc intervention_durgence_en_cas_davc radaptation_aprs_lavc HTA tabagisme dyslipidemie sedentarite alcoolisme,"Définition, symptômes, facteurs de risques et prévention de l'AVC",2.0,3.0,13.0,6,12,18,communaut leader_communautaire femme_enceinte nouveaux_mre groupe__risque_avc,0,2026-03,2026-T1,2026-03
community,sensitization_activity,sens_8fb0b785e898dc5d5226efd6,8fb0b785e898dc5d5226efd6,SENSIBILISATION_STAFFDFM_MAFY-2026-06-27.xlsx,SENSIBILISATION_STAFFDFM,36,2026,1.0,high,3,info,2026-03-21,R01-MAFY-S0000001,mafy,Atsimo-Andrefana,Atsimo-Andrefana|Ampanihy Ouest,Atsimo-Andrefana|Ampanihy Ouest|Beroy Atsimo,Beroy sud,Ampanihy Ouest,-24.2988567 44.6740117 313.0 5.7,11:32:00.000,12:35:00.000,staff_dfm,autre,,,sensibilisation_de_masse,autre,,,,prvention_de_lavc symptme_de_lavc_rapide facteur_de_risque_de_lavc intervention_durgence_en_cas_davc radaptation_aprs_lavc HTA tabagisme dyslipidemie sedentarite alcoolisme,"Définition, symptômes, facteurs de risques et prévention de l'AVC",7.0,4.0,23.0,10,24,34,communaut leader_communautaire nouveaux_mre,0,2026-03,2026-T1,2026-03
community,sensitization_activity,sens_2ae386e8adb0e89a2137f250,2ae386e8adb0e89a2137f250,SENSIBILISATION_STAFFDFM_MAFY-2026-06-27.xlsx,SENSIBILISATION_STAFFDFM,37,2026,1.0,high,3,info,2026-03-23,R01-MAFY-S0000001,mafy,Atsimo-Andrefana,Atsimo-Andrefana|Ampanihy Ouest,Atsimo-Andrefana|Ampanihy Ouest|Ankilizato,Ankilizato,Ampanihy Ouest,-24.29889 44.6738667 317.7 4.09,10:45:00.000,12:00:00.000,staff_dfm,csb,CSB2 Ankilizato,,sensibilisation_de_masse,autre,,,,prvention_de_lavc symptme_de_lavc_rapide facteur_de_risque_de_lavc intervention_durgence_en_cas_davc radaptation_aprs_lavc HTA tabagisme dyslipidemie sedentarite alcoolisme,"Définition, symptômes, facteurs de risques et prévention de l'AVC",6.0,7.0,33.0,16,30,46,communaut femme_enceinte groupe__risque_avc,0,2026-03,2026-T1,2026-03
community,sensitization_activity,sens_b3f39fb9962448c084a40e78,b3f39fb9962448c084a40e78,SENSIBILISATION_STAFFDFM_MAFY-2026-06-27.xlsx,SENSIBILISATION_STAFFDFM,38,2026,1.0,high,3,info,2026-03-27,R01-MAFY-S0000001,mafy,Atsimo-Andrefana,Atsimo-Andrefana|Ampanihy Ouest,Atsimo-Andrefana|Ampanihy Ouest|Ankilizato,Bekako Centre,Ampanihy Ouest,-24.2988767 44.6739283 317.7 4.7,10:45:00.000,11:30:00.000,staff_dfm,autre,,,sensibilisation_de_masse,autre,,,,prvention_de_lavc symptme_de_lavc_rapide facteur_de_risque_de_lavc intervention_durgence_en_cas_davc radaptation_aprs_lavc HTA tabagisme dyslipidemie sedentarite alcoolisme,"Définition, symptômes, facteurs de risques et prévention de l'AVC",4.0,5.0,17.0,8,18,26,communaut leader_communautaire nouveaux_mre groupe__risque_avc,0,2026-03,2026-T1,2026-03
community,sensitization_activity,sens_ac7bfb97f943ad04a9c4b082,ac7bfb97f943ad04a9c4b082,SENSIBILISATION_STAFFDFM_MAFY-2026-06-27.xlsx,SENSIBILISATION_STAFFDFM,39,2026,1.0,high,3,info,2026-04-14,R02-MAFY-S0000001,mafy,Anosy,Anosy|Taolagnaro,Anosy|Taolagnaro|Manambaro,Manambaro2,Taolagnaro,,14:30:00.000,14:50:00.000,ac,mnage,,,vad,,,,,prvention_de_lavc symptme_de_lavc_rapide facteur_de_risque_de_lavc intervention_durgence_en_cas_davc radaptation_aprs_lavc HTA,une personne a ete victime d un Avc avec description des symptome et des conduites a tenir.,,,,0,1,1,enseignant,0,2026-04,2026-T2,2026-04
community,sensitization_activity,sens_cbdc284350794939bbd58526,cbdc284350794939bbd58526,SENSIBILISATION_STAFFDFM_MAFY-2026-06-27.xlsx,SENSIBILISATION_STAFFDFM,40,2026,1.0,high,3,info,2026-04-16,R02-MAFY-S0000002,mafy,Anosy,Anosy|Taolagnaro,Anosy|Taolagnaro|Ankaramena,Ankaramena,Taolagnaro,,10:00:00.000,10:20:00.000,staff_dfm ac,csb,CSB2 Ankaramena,,sensibilisation_de_masse,,,,,prvention_de_lavc symptme_de_lavc_rapide facteur_de_risque_de_lavc intervention_durgence_en_cas_davc radaptation_aprs_lavc HTA,,,,,3,37,40,communaut agent_de_sant,1,2026-04,2026-T2,2026-04
community,sensitization_activity,sens_3b3b96ef4342ca9252f371d3,3b3b96ef4342ca9252f371d3,SENSIBILISATION_STAFFDFM_MAFY-2026-06-27.xlsx,SENSIBILISATION_STAFFDFM,41,2026,1.0,high,3,info,2026-04-20,R02-MAFY-S0000003,mafy,Anosy,Anosy|Taolagnaro,Anosy|Taolagnaro|Taolagnaro CU,Ampasikabo,Taolagnaro,,07:30:00.000,07:50:00.000,ac,csb,CSB2 Ampasikabo,,sensibilisation_de_masse,,,,,prvention_de_lavc symptme_de_lavc_rapide facteur_de_risque_de_lavc intervention_durgence_en_cas_davc radaptation_aprs_lavc HTA,,,,,33,11,44,communaut agent_de_sant,2,2026-04,2026-T2,2026-04
community,sensitization_activity,sens_34d833de58e3ec61812c4c5d,34d833de58e3ec61812c4c5d,SENSIBILISATION_STAFFDFM_MAFY-2026-06-27.xlsx,SENSIBILISATION_STAFFDFM,42,2026,1.0,high,3,info,2026-04-27,R02-MAFY-S0000004,mafy,Anosy,Anosy|Taolagnaro,Anosy|Taolagnaro|Taolagnaro CU,Ampotatry,Taolagnaro,,14:00:00.000,14:20:00.000,ac,mnage,,,vad,,,,,prvention_de_lavc symptme_de_lavc_rapide facteur_de_risque_de_lavc intervention_durgence_en_cas_davc radaptation_aprs_lavc HTA,,,,,0,1,1,communaut,1,2026-04,2026-T2,2026-04
community,sensitization_activity,sens_c94ed10df826b66638ba49e3,c94ed10df826b66638ba49e3,SENSIBILISATION_STAFFDFM_MAFY-2026-06-27.xlsx,SENSIBILISATION_STAFFDFM,43,2026,1.0,high,3,info,2026-04-27,R02-MAFY-S0000005,mafy,Anosy,Anosy|Taolagnaro,Anosy|Taolagnaro|Taolagnaro CU,Ampotatry,Taolagnaro,,14:30:00.000,14:50:00.000,ac,mnage,,,vad,,,,,prvention_de_lavc symptme_de_lavc_rapide facteur_de_risque_de_lavc intervention_durgence_en_cas_davc radaptation_aprs_lavc HTA,,,,,1,1,2,communaut,0,2026-04,2026-T2,2026-04
community,sensitization_activity,sens_235bd4d3118ae72be77245c2,235bd4d3118ae72be77245c2,SENSIBILISATION_STAFFDFM_MAFY-2026-06-27.xlsx,SENSIBILISATION_STAFFDFM,44,2026,1.0,high,3,info,2026-04-28,R02-MAFY-S0000006,mafy,Anosy,Anosy|Taolagnaro,Anosy|Taolagnaro|Taolagnaro CU,Ampotatry,Taolagnaro,,14:00:00.000,14:17:00.000,ac,mnage,,,vad,,,,,prvention_de_lavc symptme_de_lavc_rapide facteur_de_risque_de_lavc intervention_durgence_en_cas_davc radaptation_aprs_lavc,,,,,0,1,1,communaut,0,2026-04,2026-T2,2026-04
community,sensitization_activity,sens_dff9abac25af26c48c151416,dff9abac25af26c48c151416,SENSIBILISATION_STAFFDFM_MAFY-2026-06-27.xlsx,SENSIBILISATION_STAFFDFM,45,2026,1.0,high,3,info,2026-04-30,R02-MAFY-S0000007,mafy,Anosy,Anosy|Taolagnaro,Anosy|Taolagnaro|Soanierana,Ampoatavoravy,Taolagnaro,,15:30:00.000,15:50:00.000,ac,mnage,,,vad,,,,,prvention_de_lavc symptme_de_lavc_rapide facteur_de_risque_de_lavc intervention_durgence_en_cas_davc radaptation_aprs_lavc HTA,,,,,0,1,1,communaut,1,2026-04,2026-T2,2026-04
community,sensitization_activity,sens_6c6f88156c4b44fe04abbfb8,6c6f88156c4b44fe04abbfb8,SENSIBILISATION_STAFFDFM_MAFY-2026-06-27.xlsx,SENSIBILISATION_STAFFDFM,46,2026,1.0,high,3,info,2026-04-30,R02-MAFY-S0000008,mafy,Anosy,Anosy|Taolagnaro,Anosy|Taolagnaro|Soanierana,Ampoatavoravy,Taolagnaro,,16:00:00.000,16:20:00.000,ac,au_march,,,focus_group,,,,,prvention_de_lavc symptme_de_lavc_rapide facteur_de_risque_de_lavc intervention_durgence_en_cas_davc radaptation_aprs_lavc HTA,Discussion sur l’AVC et sa prévention,,,,4,6,10,communaut,2,2026-04,2026-T2,2026-04
community,sensitization_activity,sens_911b4fcd4d1f748dab537956,911b4fcd4d1f748dab537956,SENSIBILISATION_STAFFDFM_MAFY-2026-06-27.xlsx,SENSIBILISATION_STAFFDFM,47,2026,1.0,high,3,info,2026-04-09,R01-MAFY-S0000001,mafy,Atsimo-Andrefana,Atsimo-Andrefana|Ampanihy Ouest,Atsimo-Andrefana|Ampanihy Ouest|Ampanihy Andrefana,Ampanihy,Ampanihy Ouest,-24.1669967 44.4420617 327.1 3.2,11:30:00.000,12:10:00.000,staff_dfm ac,csb,CSB2 Ampanihy Ouest,,focus_group,autre,,,,prvention_de_lavc symptme_de_lavc_rapide facteur_de_risque_de_lavc intervention_durgence_en_cas_davc radaptation_aprs_lavc HTA tabagisme dyslipidemie sedentarite alcoolisme,"Définition, symptômes, action immédiate, facteurs de risques et prévention de l'AVC",,,,8,5,13,communaut nouveaux_mre groupe__risque_avc,0,2026-04,2026-T2,2026-04
community,sensitization_activity,sens_78de2c5f6f43e6d9b6e27679,78de2c5f6f43e6d9b6e27679,SENSIBILISATION_STAFFDFM_MAFY-2026-06-27.xlsx,SENSIBILISATION_STAFFDFM,48,2026,1.0,high,3,info,2026-04-10,R01-MAFY-S0000001,mafy,Atsimo-Andrefana,Atsimo-Andrefana|Ampanihy Ouest,Atsimo-Andrefana|Ampanihy Ouest|Gogogogo,Satrapoty Milanja,Ampanihy Ouest,-24.167305 44.4418217 330.5 5.9,11:00:00.000,14:07:00.000,staff_dfm ac,autre,,Ambodikily,danse_et_chanson,autre,,,,prvention_de_lavc symptme_de_lavc_rapide facteur_de_risque_de_lavc intervention_durgence_en_cas_davc radaptation_aprs_lavc HTA tabagisme dyslipidemie sedentarite alcoolisme,"Définition, symptômes, facteur de risques, action immédiate et prévention de l'AVC",,,,43,34,77,communaut leader_communautaire groupe__risque_avc,0,2026-04,2026-T2,2026-04
community,sensitization_activity,sens_025f68b09a830394a6baa900,025f68b09a830394a6baa900,SENSIBILISATION_STAFFDFM_MAFY-2026-06-27.xlsx,SENSIBILISATION_STAFFDFM,49,2026,1.0,high,3,info,2026-04-20,R01-MAFY-S0000001,mafy,Atsimo-Andrefana,Atsimo-Andrefana|Ampanihy Ouest,Atsimo-Andrefana|Ampanihy Ouest|Maniry,Pinjo Bas,Ampanihy Ouest,-24.1673767 44.441835 316.4 5.9,11:30:00.000,14:15:00.000,staff_dfm,autre,,Ambodikily,danse_et_chanson,autre,,,,prvention_de_lavc symptme_de_lavc_rapide facteur_de_risque_de_lavc intervention_durgence_en_cas_davc radaptation_aprs_lavc HTA tabagisme dyslipidemie sedentarite alcoolisme,"Définition, symptômes, facteurs de risques, activités immédiate,et prévention de l'AVC.",,,,56,48,104,communaut leader_communautaire groupe__risque_avc,0,2026-04,2026-T2,2026-04
community,sensitization_activity,sens_5a3ae75128b1d2ceb75d6206,5a3ae75128b1d2ceb75d6206,SENSIBILISATION_STAFFDFM_MAFY-2026-06-27.xlsx,SENSIBILISATION_STAFFDFM,50,2026,1.0,high,3,info,2026-04-23,R01-MAFY-S0000001,mafy,Atsimo-Andrefana,Atsimo-Andrefana|Ampanihy Ouest,Atsimo-Andrefana|Ampanihy Ouest|Ankilizato,Bekako Sud,Ampanihy Ouest,-24.1672633 44.4418417 337.7 7.7,11:00:00.000,13:45:00.000,staff_dfm,autre,,Ambodikily,sensibilisation_de_masse,autre,,,,prvention_de_lavc symptme_de_lavc_rapide facteur_de_risque_de_lavc intervention_durgence_en_cas_davc radaptation_aprs_lavc HTA tabagisme dyslipidemie sedentarite alcoolisme,"Définition, symptômes, facteur de risques, action immédiate et prévention de l'AVC",,,,19,23,42,communaut leader_communautaire femme_enceinte nouveaux_mre groupe__risque_avc,0,2026-04,2026-T2,2026-04
community,sensitization_activity,sens_96c7582e3264f8836504e53e,96c7582e3264f8836504e53e,SENSIBILISATION_STAFFDFM_MAFY-2026-06-27.xlsx,SENSIBILISATION_STAFFDFM,51,2026,1.0,high,3,info,2026-04-28,R01-MAFY-S0000001,mafy,Atsimo-Andrefana,Atsimo-Andrefana|Ampanihy Ouest,Atsimo-Andrefana|Ampanihy Ouest|Beahitse,Beahitse,Ampanihy Ouest,-24.167225 44.4417783 335.5 4.5,10:45:00.000,11:45:00.000,staff_dfm ac,autre,,Ambodikily,danse_et_chanson,autre,,,,prvention_de_lavc symptme_de_lavc_rapide facteur_de_risque_de_lavc intervention_durgence_en_cas_davc radaptation_aprs_lavc HTA tabagisme dyslipidemie sedentarite alcoolisme,"Définition, symptômes, facteurs de risques, action immédiate et prévention de l'AVC",,,,15,37,52,communaut leader_communautaire elve groupe__risque_avc,0,2026-04,2026-T2,2026-04
community,sensitization_activity,sens_5f31de6dc9f93070f2c5efe5,5f31de6dc9f93070f2c5efe5,SENSIBILISATION_STAFFDFM_MAFY-2026-06-27.xlsx,SENSIBILISATION_STAFFDFM,52,2026,1.0,high,3,info,2026-05-15,R02-MAFY-S0000009,mafy,Anosy,Anosy|Taolagnaro,Anosy|Taolagnaro|Taolagnaro CU,bazarikely,Taolagnaro,,14:00:00.000,14:30:00.000,ac,grand_public,,,focus_group,,,,,prvention_de_lavc symptme_de_lavc_rapide facteur_de_risque_de_lavc intervention_durgence_en_cas_davc radaptation_aprs_lavc HTA,Prevention Avc,,,,2,9,11,communaut,0,2026-05,2026-T2,2026-05
community,sensitization_activity,sens_55e46143e487c23e24cb1139,55e46143e487c23e24cb1139,SENSIBILISATION_STAFFDFM_MAFY-2026-06-27.xlsx,SENSIBILISATION_STAFFDFM,53,2026,1.0,high,3,info,2026-05-20,R02-MAFY-S0000010,mafy,Anosy,Anosy|Taolagnaro,Anosy|Taolagnaro|Manambaro,Nosy be,Taolagnaro,,14:10:00.000,15:00:00.000,ac,communautaire,,,sensibilisation_de_masse,,,,,prvention_de_lavc symptme_de_lavc_rapide facteur_de_risque_de_lavc intervention_durgence_en_cas_davc radaptation_aprs_lavc HTA,,,,,7,60,67,communaut,5,2026-05,2026-T2,2026-05
community,sensitization_activity,sens_961ad7e3f23148dd0603a036,961ad7e3f23148dd0603a036,SENSIBILISATION_STAFFDFM_MAFY-2026-06-27.xlsx,SENSIBILISATION_STAFFDFM,54,2026,1.0,high,3,info,2026-05-20,R02-MAFY-S0000011,mafy,Anosy,Anosy|Taolagnaro,Anosy|Taolagnaro|Manambaro,Nosy be,Taolagnaro,,15:40:00.000,16:15:00.000,ac,mnage,,,vad,,,,,prvention_de_lavc symptme_de_lavc_rapide facteur_de_risque_de_lavc intervention_durgence_en_cas_davc radaptation_aprs_lavc HTA,,,,,0,6,6,communaut,0,2026-05,2026-T2,2026-05
community,sensitization_activity,sens_f24bba283681ff0327734b7a,f24bba283681ff0327734b7a,SENSIBILISATION_STAFFDFM_MAFY-2026-06-27.xlsx,SENSIBILISATION_STAFFDFM,55,2026,1.0,high,3,info,2026-05-26,R02-MAFY-S0000012,mafy,Anosy,Anosy|Taolagnaro,Anosy|Taolagnaro|Manambaro,nosy be,Taolagnaro,,16:30:00.000,17:00:00.000,ac,mnage,,,vad,,,,,prvention_de_lavc symptme_de_lavc_rapide facteur_de_risque_de_lavc intervention_durgence_en_cas_davc radaptation_aprs_lavc HTA,,,,,1,1,2,communaut,1,2026-05,2026-T2,2026-05
community,sensitization_activity,sens_e49e493c313f2ace6323fc9b,e49e493c313f2ace6323fc9b,SENSIBILISATION_STAFFDFM_MAFY-2026-06-27.xlsx,SENSIBILISATION_STAFFDFM,56,2026,1.0,high,3,info,2026-05-21,R02-MAFY-S0000013,mafy,Anosy,Anosy|Taolagnaro,Anosy|Taolagnaro|Ankaramena,Ankaramena,Taolagnaro,,09:00:00.000,10:30:00.000,staff_dfm ac,csb,CSB2 Ankaramena,,sensibilisation_de_masse,,,,,prvention_de_lavc symptme_de_lavc_rapide facteur_de_risque_de_lavc intervention_durgence_en_cas_davc radaptation_aprs_lavc HTA,,,,,8,121,129,communaut elve femme_enceinte,7,2026-05,2026-T2,2026-05
community,sensitization_activity,sens_62ca455d4c556c675d7aaff1,62ca455d4c556c675d7aaff1,SENSIBILISATION_STAFFDFM_MAFY-2026-06-27.xlsx,SENSIBILISATION_STAFFDFM,57,2026,1.0,high,3,info,2026-05-26,R02-MAFY-S0000014,mafy,Anosy,Anosy|Taolagnaro,Anosy|Taolagnaro|Manambaro,Manambaro,Taolagnaro,,09:30:00.000,10:05:00.000,ac,csb,CSB2 Manambaro,,sensibilisation_de_masse,,,,,prvention_de_lavc symptme_de_lavc_rapide facteur_de_risque_de_lavc intervention_durgence_en_cas_davc radaptation_aprs_lavc HTA,,,,,7,30,37,communaut femme_enceinte nouveaux_mre,2,2026-05,2026-T2,2026-05
community,sensitization_activity,sens_185eecc11b58d10f47097c8d,185eecc11b58d10f47097c8d,SENSIBILISATION_STAFFDFM_MAFY-2026-06-27.xlsx,SENSIBILISATION_STAFFDFM,58,2026,1.0,high,3,info,2026-05-04,R01-MAFY-S0000001,mafy,Atsimo-Andrefana,Atsimo-Andrefana|Ampanihy Ouest,Atsimo-Andrefana|Ampanihy Ouest|Gogogogo,Gogogogo,Ampanihy Ouest,-24.3523254 44.5162567 245.1 98.4,10:15:00.000,11:00:00.000,staff_dfm,csb,CSB2 Gogogogo,,sensibilisation_de_masse,autre,,,,prvention_de_lavc symptme_de_lavc_rapide facteur_de_risque_de_lavc intervention_durgence_en_cas_davc radaptation_aprs_lavc HTA tabagisme dyslipidemie sedentarite alcoolisme,"Définition, symptômes, action immédiate,facteur de risques et prévention de l'AVC",,,,28,40,68,communaut agent_de_sant femme_enceinte groupe__risque_avc,0,2026-05,2026-T2,2026-05
community,sensitization_activity,sens_8a3ea6aa4fe2ab7335d92095,8a3ea6aa4fe2ab7335d92095,SENSIBILISATION_STAFFDFM_MAFY-2026-06-27.xlsx,SENSIBILISATION_STAFFDFM,59,2026,1.0,high,3,info,2026-05-06,R01-MAFY-S0000001,mafy,Atsimo-Andrefana,Atsimo-Andrefana|Ampanihy Ouest,Atsimo-Andrefana|Ampanihy Ouest|Vohitany,Ambatokapoka,Ampanihy Ouest,-24.3523621 44.516756 245.1 16.37,11:20:00.000,13:15:00.000,staff_dfm ac,autre,,Ambodisakoa,danse_et_chanson,autre,,,,prvention_de_lavc symptme_de_lavc_rapide facteur_de_risque_de_lavc intervention_durgence_en_cas_davc radaptation_aprs_lavc HTA tabagisme dyslipidemie sedentarite alcoolisme,"Définition, symptômes, action immédiate,facteur de risques et prévention de l'AVC",,,,40,34,74,communaut leader_communautaire agent_de_sant elve femme_enceinte nouveaux_mre groupe__risque_avc,0,2026-05,2026-T2,2026-05
community,sensitization_activity,sens_c84e628084810308852bb781,c84e628084810308852bb781,SENSIBILISATION_STAFFDFM_MAFY-2026-06-27.xlsx,SENSIBILISATION_STAFFDFM,60,2026,1.0,high,3,info,2026-05-07,R01-MAFY-S0000001,mafy,Atsimo-Andrefana,Atsimo-Andrefana|Ampanihy Ouest,Atsimo-Andrefana|Ampanihy Ouest|Beahitse,Beahitse,Ampanihy Ouest,-24.3522305 44.5168896 245.1 14.17,10:30:00.000,11:10:00.000,ac,csb,CSB2 Beahitse,,sensibilisation_de_masse,autre,,,,prvention_de_lavc symptme_de_lavc_rapide facteur_de_risque_de_lavc intervention_durgence_en_cas_davc radaptation_aprs_lavc HTA tabagisme dyslipidemie sedentarite alcoolisme,"Définition, symptômes, action immédiate,facteur de risques et prévention de l'AVC",,,,15,84,99,communaut agent_de_sant femme_enceinte nouveaux_mre groupe__risque_avc,0,2026-05,2026-T2,2026-05
community,sensitization_activity,sens_9eb6b05951e50e933cef6bc8,9eb6b05951e50e933cef6bc8,SENSIBILISATION_STAFFDFM_MAFY-2026-06-27.xlsx,SENSIBILISATION_STAFFDFM,61,2026,1.0,high,3,info,2026-05-13,R01-MAFY-S0000001,mafy,Atsimo-Andrefana,Atsimo-Andrefana|Ampanihy Ouest,Atsimo-Andrefana|Ampanihy Ouest|Ejeda,Manakaravavy,Ampanihy Ouest,-24.3509316 44.5161938 245.1 200.0,10:00:00.000,11:00:00.000,staff_dfm ac,csb,CSB1 Manakaravavy,,sensibilisation_de_masse,autre,,,,prvention_de_lavc symptme_de_lavc_rapide facteur_de_risque_de_lavc intervention_durgence_en_cas_davc radaptation_aprs_lavc HTA tabagisme dyslipidemie sedentarite alcoolisme,"Définition, symptômes, action immédiate,facteur de risques et prévention de l'AVC",,,,16,40,56,communaut femme_enceinte nouveaux_mre,0,2026-05,2026-T2,2026-05
community,sensitization_activity,sens_258389ff8546e985582d58b5,258389ff8546e985582d58b5,SENSIBILISATION_STAFFDFM_MAFY-2026-06-27.xlsx,SENSIBILISATION_STAFFDFM,62,2026,1.0,high,3,info,2026-05-15,R01-MAFY-S0000001,mafy,Atsimo-Andrefana,Atsimo-Andrefana|Ampanihy Ouest,Atsimo-Andrefana|Ampanihy Ouest|Ejeda,Etory,Ampanihy Ouest,-24.3509316 44.5161938 245.1 200.0,10:41:00.000,12:34:00.000,staff_dfm,autre,,Ambodikily,focus_group,autre,,,,prvention_de_lavc symptme_de_lavc_rapide facteur_de_risque_de_lavc intervention_durgence_en_cas_davc radaptation_aprs_lavc HTA tabagisme dyslipidemie sedentarite alcoolisme,"Définition, symptômes, action immédiate,facteur de risques et prévention de l'AVC",,,,10,5,15,communaut leader_communautaire elve femme_enceinte groupe__risque_avc,0,2026-05,2026-T2,2026-05
community,sensitization_activity,sens_f12c1c7f15713011350b7483,f12c1c7f15713011350b7483,SENSIBILISATION_STAFFDFM_MAFY-2026-06-27.xlsx,SENSIBILISATION_STAFFDFM,63,2026,1.0,high,3,info,2026-05-16,R01-MAFY-S0000001,mafy,Atsimo-Andrefana,Atsimo-Andrefana|Ampanihy Ouest,Atsimo-Andrefana|Ampanihy Ouest|Gogogogo,Bekompitse,Ampanihy Ouest,-24.3509316 44.5161938 245.1 200.0,10:00:00.000,11:25:00.000,staff_dfm,autre,,Ambodikily,focus_group,autre,,,,prvention_de_lavc symptme_de_lavc_rapide facteur_de_risque_de_lavc intervention_durgence_en_cas_davc radaptation_aprs_lavc HTA tabagisme dyslipidemie sedentarite alcoolisme,"Définition, symptômes, action immédiate,facteur de risques et prévention de l'AVC",,,,3,12,15,communaut femme_enceinte groupe__risque_avc,0,2026-05,2026-T2,2026-05
community,sensitization_activity,sens_4ddae45d6d7d2c1cd7690011,4ddae45d6d7d2c1cd7690011,SENSIBILISATION_STAFFDFM_MAFY-2026-06-27.xlsx,SENSIBILISATION_STAFFDFM,64,2026,1.0,high,3,info,2026-05-20,R01-MAFY-S0000001,mafy,Atsimo-Andrefana,Atsimo-Andrefana|Ampanihy Ouest,Atsimo-Andrefana|Ampanihy Ouest|Itampolo,Ampitanaky,Ampanihy Ouest,-24.3516649 44.5168171 245.1 11.0,10:45:00.000,11:22:00.000,staff_dfm ac,csb,CSB1 Ampitanaky,,sensibilisation_de_masse,autre,,,,prvention_de_lavc symptme_de_lavc_rapide facteur_de_risque_de_lavc intervention_durgence_en_cas_davc radaptation_aprs_lavc HTA tabagisme dyslipidemie sedentarite alcoolisme,"Définition, symptômes, action immédiate,facteur de risques et prévention de l'AVC",,,,11,42,53,communaut agent_de_sant femme_enceinte groupe__risque_avc,0,2026-05,2026-T2,2026-05
community,sensitization_activity,sens_cb90ed6f808d4dd517237d4e,cb90ed6f808d4dd517237d4e,SENSIBILISATION_STAFFDFM_MAFY-2026-06-27.xlsx,SENSIBILISATION_STAFFDFM,65,2026,1.0,high,3,info,2026-05-22,R01-MAFY-S0000001,mafy,Atsimo-Andrefana,Atsimo-Andrefana|Ampanihy Ouest,Atsimo-Andrefana|Ampanihy Ouest|Ampanihy Andrefana,Ampanihy,Ampanihy Ouest,-24.3509316 44.5161938 245.1 200.0,10:30:00.000,12:36:00.000,staff_dfm ac,mnage,,,vad,autre,,,,prvention_de_lavc symptme_de_lavc_rapide facteur_de_risque_de_lavc intervention_durgence_en_cas_davc radaptation_aprs_lavc HTA tabagisme dyslipidemie sedentarite alcoolisme,"Définition, symptômes, action immédiate,facteur de risques et prévention de l'AVC",,,,4,6,10,communaut femme_enceinte nouveaux_mre groupe__risque_avc,0,2026-05,2026-T2,2026-05
community,sensitization_activity,sens_940bf53512cbe506c7163c5c,940bf53512cbe506c7163c5c,SENSIBILISATION_STAFFDFM_MAFY-2026-06-27.xlsx,SENSIBILISATION_STAFFDFM,66,2026,1.0,high,3,info,2026-06-04,R02-MAFY-S0000015,mafy,Anosy,Anosy|Taolagnaro,Anosy|Taolagnaro|Taolagnaro CU,Ambinanibe,Taolagnaro,,14:00:00.000,14:35:00.000,ac,csb,CSB1 Ambinanibe,,focus_group,,,,,prvention_de_lavc symptme_de_lavc_rapide facteur_de_risque_de_lavc intervention_durgence_en_cas_davc radaptation_aprs_lavc HTA,,,,,4,7,11,communaut,1,2026-06,2026-T2,2026-06
community,sensitization_activity,sens_d27057b92cf68664a012ed91,d27057b92cf68664a012ed91,SENSIBILISATION_STAFFDFM_MAFY-2026-06-27.xlsx,SENSIBILISATION_STAFFDFM,67,2026,1.0,high,3,info,2026-06-05,R02-MAFY-S0000016,mafy,Anosy,Anosy|Taolagnaro,Anosy|Taolagnaro|Taolagnaro CU,Ampasikabo,Taolagnaro,,08:00:00.000,08:30:00.000,ac,csb,CSB2 Ampasikabo,,sensibilisation_de_masse,,,,,prvention_de_lavc symptme_de_lavc_rapide facteur_de_risque_de_lavc intervention_durgence_en_cas_davc radaptation_aprs_lavc HTA,,,,,29,32,61,communaut femme_enceinte,2,2026-06,2026-T2,2026-06
community,sensitization_activity,sens_d2b6bb8e90288870680936e9,d2b6bb8e90288870680936e9,SENSIBILISATION_STAFFDFM_MAFY-2026-06-27.xlsx,SENSIBILISATION_STAFFDFM,68,2026,1.0,high,3,info,2026-06-05,R02-MAFY-S0000017,mafy,Anosy,Anosy|Taolagnaro,Anosy|Taolagnaro|Taolagnaro CU,Bazaribe,Taolagnaro,,09:10:00.000,09:40:00.000,ac,csb,CSB2 Bazaribe Taolagnaro,,focus_group,,,,,prvention_de_lavc symptme_de_lavc_rapide facteur_de_risque_de_lavc intervention_durgence_en_cas_davc radaptation_aprs_lavc HTA,Sensibilisation sur l'AVC et les moyens de prévention.,,,,3,9,12,communaut agent_de_sant,2,2026-06,2026-T2,2026-06
community,sensitization_activity,sens_f858e2cbbc5d0dfd154736e1,f858e2cbbc5d0dfd154736e1,SENSIBILISATION_STAFFDFM_MAFY-2026-06-27.xlsx,SENSIBILISATION_STAFFDFM,69,2026,1.0,high,3,info,2026-06-09,R02-MAFY-S0000018,mafy,Anosy,Anosy|Taolagnaro,Anosy|Taolagnaro|Taolagnaro CU,Ampasikabo,Taolagnaro,,14:30:00.000,14:59:00.000,ac,mnage,,,vad,,,,,prvention_de_lavc symptme_de_lavc_rapide facteur_de_risque_de_lavc intervention_durgence_en_cas_davc radaptation_aprs_lavc HTA,,,,,1,2,3,communaut,0,2026-06,2026-T2,2026-06
community,sensitization_activity,sens_22c8e420e091c9c90b3f9e0c,22c8e420e091c9c90b3f9e0c,SENSIBILISATION_STAFFDFM_MAFY-2026-06-27.xlsx,SENSIBILISATION_STAFFDFM,70,2026,1.0,high,3,info,2026-06-09,R02-MAFY-S0000019,mafy,Anosy,Anosy|Taolagnaro,Anosy|Taolagnaro|Taolagnaro CU,Ampasikabo,Taolagnaro,,15:15:00.000,15:45:00.000,ac,mnage,,,vad,,,,,prvention_de_lavc symptme_de_lavc_rapide facteur_de_risque_de_lavc intervention_durgence_en_cas_davc radaptation_aprs_lavc HTA,,,,,3,1,4,communaut,1,2026-06,2026-T2,2026-06
community,sensitization_activity,sens_689b9300a9fadbe4a75240c7,689b9300a9fadbe4a75240c7,SENSIBILISATION_STAFFDFM_MAFY-2026-06-27.xlsx,SENSIBILISATION_STAFFDFM,71,2026,1.0,high,3,info,2026-06-16,R02-MAFY-S0000020,mafy,Anosy,Anosy|Taolagnaro,Anosy|Taolagnaro|Manambaro,Manambaro,Taolagnaro,,09:30:00.000,10:30:00.000,ac,grand_public,,,focus_group,,,,,prvention_de_lavc symptme_de_lavc_rapide facteur_de_risque_de_lavc intervention_durgence_en_cas_davc radaptation_aprs_lavc HTA,,,,,4,11,15,communaut agent_de_sant,2,2026-06,2026-T2,2026-06
community,sensitization_activity,sens_556624ef3839ecd6e46f1f83,556624ef3839ecd6e46f1f83,SENSIBILISATION_STAFFDFM_MAFY-2026-06-27.xlsx,SENSIBILISATION_STAFFDFM,72,2026,1.0,high,3,info,2026-06-16,R02-MAFY-S0000021,mafy,Anosy,Anosy|Taolagnaro,Anosy|Taolagnaro|Manambaro,Manambaro,Taolagnaro,,11:30:00.000,12:30:00.000,ac,mnage,,,vad,,,,,prvention_de_lavc symptme_de_lavc_rapide facteur_de_risque_de_lavc intervention_durgence_en_cas_davc radaptation_aprs_lavc HTA,l'Avc est une urgence medicale,,,,0,1,1,communaut,1,2026-06,2026-T2,2026-06
